m,n,Re_Z,Im_Z
0,0,-1616.65840963948,-0.160695510622443
0,1,580.242387417146,-0.160601140826957
0,2,149.317435988878,-0.160318268928737
0,3,42.7996840197676,-0.159847606617823
0,4,18.0130650181037,-0.159190337464792
0,5,9.34317895007928,-0.158348113061713
0,6,5.52348742236272,-0.157323047639763
0,7,3.57171376939708,-0.156117711183215
0,8,2.46512615422913,-0.154735121066249
0,9,1.78724014405344,-0.153178732242763
0,10,1.34622788980943,-0.151452426027001
0,11,1.04512567457256,-0.149560497505474
0,12,0.831213228390045,-0.147507641628044
0,13,0.674088709328827,-0.14529893802943
0,14,0.555348436211181,-0.142939834637389
0,15,0.463388148711963,-0.140436130128711
0,16,0.39063211151325,-0.137793955297815
0,17,0.331983973010933,-0.135019753406665
0,18,0.283924428914787,-0.132120259588863
0,19,0.243966585328853,-0.129102479383536
0,20,0.210316798656679,-0.125973666478074
0,21,0.181657557411836,-0.12274129974125
0,22,0.157005027492135,-0.119413059630935
0,23,0.135613498566155,-0.115996804062147
0,24,0.116910000172159,-0.112500543823926
0,25,0.100448745909811,-0.108932417633219
0,26,0.0858788656630728,-0.105300666917229
0,27,0.0729212029171527,-0.101613610413614
0,28,0.0613513980591044,-0.0978796186813547
0,29,0.050987396535103,-0.094107088611808
0,30,0.0416801153086181,-0.0903044180314937
0,31,0.0333063927913526,-0.0864799804867006
0,32,0.0257636096100463,-0.0826421002975266
0,33,0.0189655456591009,-0.0787990279702533
0,34,0.0128391614999714,-0.0749589160521094
0,35,0.00732207767407316,-0.0711297955123563
0,36,0.00236058583142818,-0.0673195527311081
0,37,-0.00209193136720641,-0.0635359071724793
0,38,-0.00607626357108513,-0.0597863898191868
0,39,-0.00962838867177692,-0.0560783224384232
0,40,-0.0127802941185995,-0.052418797748046
1,0,580.242387417146,-0.160601140826957
1,1,-1616.65840963948,-0.160695510622443
1,2,580.242387417145,-0.160601140826957
1,3,149.317435988878,-0.160318268928737
1,4,42.7996840197676,-0.159847606617805
1,5,18.0130650181037,-0.159190337464792
1,6,9.34317895007928,-0.158348113061713
1,7,5.52348742236273,-0.157323047639776
1,8,3.57171376939708,-0.156117711183215
1,9,2.46512615422913,-0.154735121066236
1,10,1.78724014405344,-0.153178732242763
1,11,1.34622788980943,-0.151452426027001
1,12,1.04512567457256,-0.149560497505469
1,13,0.831213228390045,-0.147507641628044
1,14,0.674088709328827,-0.14529893802943
1,15,0.555348436211181,-0.142939834637366
1,16,0.463388148711963,-0.140436130128711
1,17,0.390632111513263,-0.13779395529782
1,18,0.331983973010933,-0.135019753406665
1,19,0.283924428914787,-0.132120259588863
1,20,0.243966585328848,-0.129102479383531
1,21,0.210316798656685,-0.12597366647807
1,22,0.181657557411836,-0.12274129974125
1,23,0.157005027492135,-0.119413059630935
1,24,0.135613498566155,-0.115996804062147
1,25,0.116910000172159,-0.112500543823926
1,26,0.100448745909811,-0.108932417633219
1,27,0.0858788656630433,-0.105300666917202
1,28,0.0729212029171527,-0.101613610413614
1,29,0.0613513980591044,-0.0978796186813547
1,30,0.050987396535103,-0.094107088611808
1,31,0.0416801153086181,-0.0903044180314937
1,32,0.033306392791339,-0.0864799804866733
1,33,0.0257636096100463,-0.0826421002975266
1,34,0.0189655456591009,-0.0787990279702533
1,35,0.0128391614999714,-0.0749589160521094
1,36,0.00732207767407316,-0.0711297955123563
1,37,0.00236058583142364,-0.0673195527310673
1,38,-0.00209193136720641,-0.0635359071724793
1,39,-0.00607626357108513,-0.0597863898191868
1,40,-0.00962838867177692,-0.0560783224384232
2,0,149.317435988878,-0.160318268928741
2,1,580.242387417145,-0.160601140826957
2,2,-1616.65840963948,-0.160695510622443
2,3,580.242387417146,-0.160601140826957
2,4,149.317435988878,-0.160318268928737
2,5,42.7996840197676,-0.159847606617823
2,6,18.0130650181037,-0.159190337464787
2,7,9.34317895007928,-0.158348113061713
2,8,5.52348742236272,-0.157323047639763
2,9,3.57171376939708,-0.156117711183215
2,10,2.46512615422913,-0.154735121066249
2,11,1.78724014405344,-0.153178732242763
2,12,1.34622788980943,-0.151452426027001
2,13,1.04512567457256,-0.149560497505474
2,14,0.831213228390049,-0.147507641628044
2,15,0.674088709328827,-0.14529893802943
2,16,0.555348436211181,-0.142939834637389
2,17,0.463388148711963,-0.140436130128711
2,18,0.39063211151325,-0.137793955297815
2,19,0.331983973010935,-0.135019753406665
2,20,0.283924428914787,-0.132120259588863
2,21,0.243966585328848,-0.129102479383531
2,22,0.210316798656679,-0.125973666478074
2,23,0.181657557411852,-0.122741299741246
2,24,0.157005027492119,-0.11941305963093
2,25,0.135613498566164,-0.115996804062156
2,26,0.116910000172149,-0.112500543823915
2,27,0.100448745909826,-0.108932417633231
2,28,0.0858788656630592,-0.105300666917215
2,29,0.0729212029171436,-0.1016136104136
2,30,0.0613513980591089,-0.0978796186813683
2,31,0.0509873965350962,-0.0941070886117943
2,32,0.041680115308634,-0.0903044180315119
2,33,0.033306392791339,-0.0864799804866733
2,34,0.025763609610044,-0.0826421002975198
2,35,0.0189655456591055,-0.0787990279702669
2,36,0.0128391614999668,-0.0749589160520878
2,37,0.00732207767407089,-0.0711297955123631
2,38,0.00236058583142818,-0.0673195527310968
2,39,-0.00209193136720641,-0.063535907172464
2,40,-0.00607626357108966,-0.0597863898191879
3,0,42.7996840197675,-0.159847606617823
3,1,149.317435988878,-0.160318268928741
3,2,580.242387417146,-0.160601140826957
3,3,-1616.65840963948,-0.160695510622443
3,4,580.242387417145,-0.160601140826957
3,5,149.317435988878,-0.160318268928737
3,6,42.7996840197676,-0.159847606617823
3,7,18.0130650181037,-0.159190337464792
3,8,9.34317895007928,-0.158348113061713
3,9,5.52348742236273,-0.157323047639776
3,10,3.57171376939708,-0.156117711183215
3,11,2.46512615422913,-0.154735121066249
3,12,1.78724014405344,-0.153178732242763
3,13,1.34622788980943,-0.151452426027001
3,14,1.04512567457256,-0.149560497505474
3,15,0.831213228390045,-0.147507641628044
3,16,0.674088709328827,-0.14529893802943
3,17,0.555348436211181,-0.142939834637366
3,18,0.463388148711963,-0.140436130128711
3,19,0.39063211151325,-0.137793955297815
3,20,0.331983973010933,-0.135019753406665
3,21,0.283924428914788,-0.132120259588867
3,22,0.243966585328848,-0.129102479383531
3,23,0.210316798656679,-0.125973666478074
3,24,0.181657557411852,-0.122741299741246
3,25,0.157005027492119,-0.11941305963093
3,26,0.135613498566164,-0.115996804062156
3,27,0.116910000172143,-0.112500543823917
3,28,0.100448745909826,-0.108932417633231
3,29,0.0858788656630592,-0.105300666917215
3,30,0.0729212029171436,-0.1016136104136
3,31,0.0613513980591089,-0.0978796186813683
3,32,0.0509873965350848,-0.0941070886117989
3,33,0.041680115308634,-0.0903044180315119
3,34,0.033306392791339,-0.0864799804866733
3,35,0.025763609610044,-0.0826421002975198
3,36,0.0189655456591055,-0.0787990279702669
3,37,0.0128391614999759,-0.0749589160521071
3,38,0.00732207767407089,-0.0711297955123631
3,39,0.00236058583142818,-0.0673195527310968
3,40,-0.00209193136720641,-0.063535907172464
4,0,18.0130650181037,-0.159190337464792
4,1,42.7996840197675,-0.159847606617805
4,2,149.317435988878,-0.160318268928741
4,3,580.242387417145,-0.160601140826957
4,4,-1616.65840963948,-0.160695510622443
4,5,580.242387417146,-0.160601140826957
4,6,149.317435988878,-0.160318268928737
4,7,42.7996840197676,-0.159847606617823
4,8,18.0130650181037,-0.159190337464787
4,9,9.34317895007928,-0.158348113061713
4,10,5.52348742236272,-0.157323047639763
4,11,3.57171376939707,-0.156117711183233
4,12,2.46512615422913,-0.154735121066249
4,13,1.78724014405344,-0.153178732242763
4,14,1.34622788980943,-0.151452426027006
4,15,1.04512567457256,-0.149560497505474
4,16,0.831213228390049,-0.147507641628044
4,17,0.674088709328827,-0.14529893802943
4,18,0.555348436211181,-0.142939834637389
4,19,0.463388148711957,-0.140436130128693
4,20,0.39063211151325,-0.137793955297815
4,21,0.331983973010933,-0.135019753406665
4,22,0.283924428914787,-0.132120259588863
4,23,0.243966585328853,-0.129102479383536
4,24,0.210316798656663,-0.125973666478065
4,25,0.181657557411874,-0.122741299741268
4,26,0.157005027492099,-0.119413059630912
4,27,0.135613498566155,-0.115996804062147
4,28,0.116910000172159,-0.112500543823926
4,29,0.100448745909811,-0.108932417633219
4,30,0.0858788656630728,-0.105300666917229
4,31,0.0729212029171276,-0.101613610413587
4,32,0.0613513980591044,-0.0978796186813547
4,33,0.050987396535103,-0.094107088611808
4,34,0.0416801153086181,-0.0903044180314937
4,35,0.0333063927913526,-0.0864799804867006
4,36,0.0257636096100395,-0.082642100297497
4,37,0.0189655456591009,-0.0787990279702533
4,38,0.0128391614999714,-0.0749589160521094
4,39,0.00732207767407316,-0.0711297955123563
4,40,0.00236058583142818,-0.0673195527311081
5,0,9.34317895007928,-0.158348113061713
5,1,18.0130650181037,-0.159190337464792
5,2,42.7996840197675,-0.159847606617823
5,3,149.317435988878,-0.160318268928741
5,4,580.242387417146,-0.160601140826957
5,5,-1616.65840963948,-0.160695510622443
5,6,580.242387417146,-0.160601140826957
5,7,149.317435988878,-0.160318268928737
5,8,42.7996840197676,-0.159847606617823
5,9,18.0130650181037,-0.159190337464792
5,10,9.34317895007928,-0.158348113061713
5,11,5.52348742236272,-0.157323047639763
5,12,3.57171376939708,-0.156117711183215
5,13,2.46512615422913,-0.154735121066249
5,14,1.78724014405344,-0.153178732242763
5,15,1.34622788980943,-0.151452426027001
5,16,1.04512567457256,-0.149560497505474
5,17,0.831213228390045,-0.147507641628044
5,18,0.674088709328827,-0.14529893802943
5,19,0.555348436211181,-0.142939834637389
5,20,0.463388148711963,-0.140436130128711
5,21,0.390632111513263,-0.13779395529782
5,22,0.331983973010933,-0.135019753406665
5,23,0.283924428914787,-0.132120259588863
5,24,0.243966585328853,-0.129102479383536
5,25,0.210316798656663,-0.125973666478065
5,26,0.181657557411874,-0.122741299741268
5,27,0.157005027492135,-0.119413059630935
5,28,0.135613498566155,-0.115996804062147
5,29,0.116910000172159,-0.112500543823926
5,30,0.100448745909811,-0.108932417633219
5,31,0.0858788656630728,-0.105300666917229
5,32,0.0729212029171527,-0.101613610413614
5,33,0.0613513980591044,-0.0978796186813547
5,34,0.050987396535103,-0.094107088611808
5,35,0.0416801153086181,-0.0903044180314937
5,36,0.0333063927913526,-0.0864799804867006
5,37,0.0257636096100463,-0.0826421002975266
5,38,0.0189655456591009,-0.0787990279702533
5,39,0.0128391614999714,-0.0749589160521094
5,40,0.00732207767407316,-0.0711297955123563
6,0,5.52348742236271,-0.157323047639763
6,1,9.34317895007928,-0.158348113061713
6,2,18.0130650181037,-0.159190337464787
6,3,42.7996840197675,-0.159847606617823
6,4,149.317435988878,-0.160318268928741
6,5,580.242387417146,-0.160601140826957
6,6,-1616.65840963948,-0.160695510622443
6,7,580.242387417145,-0.160601140826957
6,8,149.317435988878,-0.160318268928737
6,9,42.7996840197676,-0.159847606617805
6,10,18.0130650181037,-0.159190337464792
6,11,9.34317895007928,-0.158348113061713
6,12,5.52348742236273,-0.157323047639776
6,13,3.57171376939708,-0.156117711183215
6,14,2.46512615422913,-0.154735121066249
6,15,1.78724014405344,-0.153178732242763
6,16,1.34622788980943,-0.151452426027001
6,17,1.04512567457256,-0.149560497505469
6,18,0.831213228390045,-0.147507641628044
6,19,0.674088709328827,-0.14529893802943
6,20,0.555348436211181,-0.142939834637366
6,21,0.463388148711945,-0.140436130128716
6,22,0.390632111513263,-0.13779395529782
6,23,0.331983973010933,-0.135019753406665
6,24,0.283924428914787,-0.132120259588863
6,25,0.243966585328853,-0.129102479383536
6,26,0.210316798656663,-0.125973666478065
6,27,0.181657557411836,-0.12274129974125
6,28,0.157005027492135,-0.119413059630935
6,29,0.135613498566155,-0.115996804062147
6,30,0.116910000172159,-0.112500543823926
6,31,0.100448745909811,-0.108932417633219
6,32,0.0858788656630433,-0.105300666917202
6,33,0.0729212029171527,-0.101613610413614
6,34,0.0613513980591044,-0.0978796186813547
6,35,0.050987396535103,-0.094107088611808
6,36,0.0416801153086181,-0.0903044180314937
6,37,0.033306392791339,-0.0864799804866733
6,38,0.0257636096100463,-0.0826421002975266
6,39,0.0189655456591009,-0.0787990279702533
6,40,0.0128391614999714,-0.0749589160521094
7,0,3.57171376939708,-0.156117711183215
7,1,5.52348742236273,-0.157323047639776
7,2,9.34317895007928,-0.158348113061713
7,3,18.0130650181037,-0.159190337464792
7,4,42.7996840197675,-0.159847606617823
7,5,149.317435988878,-0.160318268928741
7,6,580.242387417145,-0.160601140826957
7,7,-1616.65840963948,-0.160695510622443
7,8,580.242387417146,-0.160601140826957
7,9,149.317435988878,-0.160318268928737
7,10,42.7996840197676,-0.159847606617823
7,11,18.0130650181037,-0.159190337464787
7,12,9.34317895007928,-0.158348113061713
7,13,5.52348742236272,-0.157323047639763
7,14,3.57171376939707,-0.156117711183233
7,15,2.46512615422913,-0.154735121066249
7,16,1.78724014405344,-0.153178732242763
7,17,1.34622788980943,-0.151452426027001
7,18,1.04512567457256,-0.149560497505474
7,19,0.831213228390049,-0.147507641628044
7,20,0.674088709328827,-0.14529893802943
7,21,0.555348436211181,-0.142939834637366
7,22,0.463388148711963,-0.140436130128711
7,23,0.39063211151325,-0.137793955297815
7,24,0.331983973010935,-0.135019753406665
7,25,0.283924428914794,-0.132120259588872
7,26,0.243966585328841,-0.129102479383531
7,27,0.210316798656679,-0.125973666478074
7,28,0.181657557411852,-0.122741299741246
7,29,0.157005027492119,-0.11941305963093
7,30,0.135613498566164,-0.115996804062156
7,31,0.116910000172149,-0.112500543823915
7,32,0.100448745909826,-0.108932417633231
7,33,0.0858788656630592,-0.105300666917215
7,34,0.0729212029171436,-0.1016136104136
7,35,0.0613513980591089,-0.0978796186813683
7,36,0.0509873965350962,-0.0941070886117943
7,37,0.041680115308634,-0.0903044180315119
7,38,0.033306392791339,-0.0864799804866733
7,39,0.025763609610044,-0.0826421002975198
7,40,0.0189655456591055,-0.0787990279702669
8,0,2.46512615422913,-0.154735121066249
8,1,3.57171376939708,-0.156117711183215
8,2,5.52348742236271,-0.157323047639763
8,3,9.34317895007928,-0.158348113061713
8,4,18.0130650181037,-0.159190337464787
8,5,42.7996840197675,-0.159847606617823
8,6,149.317435988878,-0.160318268928741
8,7,580.242387417146,-0.160601140826957
8,8,-1616.65840963948,-0.160695510622443
8,9,580.242387417145,-0.160601140826957
8,10,149.317435988878,-0.160318268928737
8,11,42.7996840197676,-0.159847606617823
8,12,18.0130650181037,-0.159190337464792
8,13,9.34317895007928,-0.158348113061713
8,14,5.52348742236272,-0.157323047639763
8,15,3.57171376939708,-0.156117711183215
8,16,2.46512615422913,-0.154735121066249
8,17,1.78724014405344,-0.153178732242763
8,18,1.34622788980943,-0.151452426027001
8,19,1.04512567457256,-0.149560497505474
8,20,0.831213228390045,-0.147507641628044
8,21,0.674088709328818,-0.145298938029444
8,22,0.555348436211181,-0.142939834637366
8,23,0.463388148711963,-0.140436130128711
8,24,0.39063211151325,-0.137793955297815
8,25,0.331983973010935,-0.135019753406665
8,26,0.283924428914794,-0.132120259588872
8,27,0.243966585328848,-0.129102479383531
8,28,0.210316798656679,-0.125973666478074
8,29,0.181657557411852,-0.122741299741246
8,30,0.157005027492119,-0.11941305963093
8,31,0.135613498566164,-0.115996804062156
8,32,0.116910000172143,-0.112500543823917
8,33,0.100448745909826,-0.108932417633231
8,34,0.0858788656630592,-0.105300666917215
8,35,0.0729212029171436,-0.1016136104136
8,36,0.0613513980591089,-0.0978796186813683
8,37,0.0509873965350848,-0.0941070886117989
8,38,0.041680115308634,-0.0903044180315119
8,39,0.033306392791339,-0.0864799804866733
8,40,0.025763609610044,-0.0826421002975198
9,0,1.78724014405345,-0.153178732242763
9,1,2.46512615422914,-0.154735121066227
9,2,3.5717137693971,-0.15611771118322
9,3,5.52348742236273,-0.157323047639772
9,4,9.3431789500793,-0.158348113061718
9,5,18.0130650181038,-0.159190337464792
9,6,42.7996840197676,-0.159847606617814
9,7,149.317435988878,-0.160318268928741
9,8,580.242387417145,-0.160601140826957
9,9,-1616.65840963948,-0.160695510622434
9,10,580.242387417146,-0.160601140826957
9,11,149.317435988877,-0.160318268928728
9,12,42.7996840197674,-0.159847606617818
9,13,18.0130650181036,-0.159190337464787
9,14,9.34317895007922,-0.158348113061727
9,15,5.52348742236271,-0.157323047639763
9,16,3.57171376939705,-0.156117711183233
9,17,2.46512615422913,-0.154735121066245
9,18,1.78724014405343,-0.153178732242763
9,19,1.34622788980943,-0.151452426027006
9,20,1.04512567457255,-0.149560497505474
9,21,0.831213228390031,-0.14750764162804
9,22,0.674088709328813,-0.145298938029425
9,23,0.555348436211172,-0.142939834637384
9,24,0.463388148711943,-0.140436130128689
9,25,0.390632111513239,-0.137793955297819
9,26,0.331983973010918,-0.135019753406665
9,27,0.28392442891478,-0.132120259588863
9,28,0.243966585328846,-0.129102479383531
9,29,0.210316798656663,-0.125973666478065
9,30,0.181657557411868,-0.122741299741268
9,31,0.157005027492099,-0.119413059630912
9,32,0.135613498566155,-0.115996804062147
9,33,0.116910000172155,-0.112500543823921
9,34,0.100448745909811,-0.108932417633219
9,35,0.0858788656630671,-0.105300666917222
9,36,0.0729212029171276,-0.101613610413587
9,37,0.0613513980591044,-0.0978796186813547
9,38,0.0509873965351007,-0.0941070886118011
9,39,0.0416801153086181,-0.0903044180314937
9,40,0.0333063927913481,-0.0864799804866938
10,0,1.34622788980943,-0.151452426027001
10,1,1.78724014405345,-0.153178732242763
10,2,2.46512615422914,-0.154735121066254
10,3,3.5717137693971,-0.15611771118322
10,4,5.52348742236275,-0.157323047639772
10,5,9.3431789500793,-0.158348113061718
10,6,18.0130650181038,-0.159190337464792
10,7,42.7996840197676,-0.159847606617828
10,8,149.317435988878,-0.160318268928741
10,9,580.242387417146,-0.160601140826957
10,10,-1616.65840963948,-0.160695510622434
10,11,580.242387417146,-0.160601140826957
10,12,149.317435988877,-0.160318268928728
10,13,42.7996840197674,-0.159847606617818
10,14,18.0130650181036,-0.159190337464787
10,15,9.34317895007924,-0.158348113061713
10,16,5.52348742236271,-0.157323047639763
10,17,3.57171376939706,-0.15611771118322
10,18,2.46512615422913,-0.154735121066245
10,19,1.78724014405343,-0.153178732242763
10,20,1.34622788980942,-0.151452426027001
10,21,1.04512567457256,-0.149560497505469
10,22,0.831213228390031,-0.14750764162804
10,23,0.674088709328813,-0.145298938029425
10,24,0.555348436211172,-0.142939834637384
10,25,0.463388148711943,-0.140436130128689
10,26,0.390632111513239,-0.137793955297819
10,27,0.331983973010928,-0.13501975340667
10,28,0.28392442891478,-0.132120259588863
10,29,0.243966585328846,-0.129102479383531
10,30,0.210316798656663,-0.125973666478065
10,31,0.181657557411868,-0.122741299741268
10,32,0.157005027492123,-0.119413059630935
10,33,0.135613498566155,-0.115996804062147
10,34,0.116910000172155,-0.112500543823921
10,35,0.100448745909811,-0.108932417633219
10,36,0.0858788656630671,-0.105300666917222
10,37,0.0729212029171459,-0.101613610413607
10,38,0.0613513980591044,-0.0978796186813547
10,39,0.0509873965351007,-0.0941070886118011
10,40,0.0416801153086181,-0.0903044180314937
11,0,1.04512567457255,-0.149560497505474
11,1,1.34622788980942,-0.151452426027001
11,2,1.78724014405343,-0.153178732242767
11,3,2.46512615422913,-0.154735121066249
11,4,3.57171376939706,-0.156117711183242
11,5,5.52348742236273,-0.157323047639772
11,6,9.34317895007926,-0.158348113061718
11,7,18.0130650181037,-0.159190337464792
11,8,42.7996840197674,-0.159847606617823
11,9,149.317435988877,-0.160318268928732
11,10,580.242387417146,-0.160601140826957
11,11,-1616.65840963948,-0.160695510622425
11,12,580.242387417145,-0.160601140826953
11,13,149.317435988878,-0.160318268928732
11,14,42.7996840197674,-0.159847606617823
11,15,18.0130650181037,-0.159190337464787
11,16,9.34317895007926,-0.158348113061718
11,17,5.52348742236272,-0.157323047639772
11,18,3.57171376939708,-0.156117711183224
11,19,2.46512615422913,-0.154735121066249
11,20,1.78724014405345,-0.153178732242763
11,21,1.34622788980945,-0.151452426027001
11,22,1.04512567457256,-0.149560497505465
11,23,0.83121322839004,-0.147507641628035
11,24,0.674088709328818,-0.145298938029435
11,25,0.555348436211172,-0.142939834637384
11,26,0.463388148711945,-0.140436130128698
11,27,0.390632111513255,-0.137793955297824
11,28,0.331983973010935,-0.13501975340667
11,29,0.283924428914787,-0.132120259588867
11,30,0.243966585328847,-0.129102479383536
11,31,0.210316798656674,-0.125973666478079
11,32,0.181657557411834,-0.122741299741255
11,33,0.157005027492123,-0.119413059630935
11,34,0.135613498566163,-0.115996804062152
11,35,0.116910000172155,-0.112500543823921
11,36,0.100448745909818,-0.108932417633226
11,37,0.0858788656630433,-0.105300666917202
11,38,0.0729212029171459,-0.101613610413607
11,39,0.0613513980591134,-0.0978796186813592
11,40,0.0509873965351007,-0.0941070886118011
12,0,0.83121322839004,-0.147507641628035
12,1,1.04512567457256,-0.149560497505465
12,2,1.34622788980942,-0.151452426027001
12,3,1.78724014405344,-0.153178732242763
12,4,2.46512615422913,-0.154735121066249
12,5,3.57171376939708,-0.156117711183224
12,6,5.52348742236271,-0.157323047639772
12,7,9.34317895007926,-0.158348113061718
12,8,18.0130650181037,-0.159190337464787
12,9,42.7996840197674,-0.159847606617823
12,10,149.317435988878,-0.160318268928732
12,11,580.242387417145,-0.160601140826957
12,12,-1616.65840963948,-0.160695510622425
12,13,580.242387417146,-0.160601140826953
12,14,149.317435988877,-0.160318268928728
12,15,42.7996840197674,-0.159847606617823
12,16,18.0130650181037,-0.159190337464792
12,17,9.34317895007926,-0.158348113061718
12,18,5.52348742236272,-0.157323047639772
12,19,3.57171376939706,-0.156117711183242
12,20,2.46512615422913,-0.154735121066249
12,21,1.78724014405345,-0.153178732242763
12,22,1.34622788980942,-0.151452426027001
12,23,1.04512567457255,-0.149560497505474
12,24,0.831213228390049,-0.147507641628044
12,25,0.674088709328818,-0.14529893802943
12,26,0.555348436211185,-0.142939834637384
12,27,0.463388148711963,-0.140436130128711
12,28,0.39063211151325,-0.137793955297815
12,29,0.331983973010935,-0.135019753406665
12,30,0.283924428914794,-0.132120259588872
12,31,0.243966585328841,-0.129102479383531
12,32,0.210316798656679,-0.125973666478074
12,33,0.181657557411852,-0.122741299741246
12,34,0.157005027492119,-0.11941305963093
12,35,0.135613498566164,-0.115996804062156
12,36,0.116910000172149,-0.112500543823915
12,37,0.100448745909826,-0.108932417633231
12,38,0.0858788656630592,-0.105300666917215
12,39,0.0729212029171436,-0.1016136104136
12,40,0.0613513980591089,-0.0978796186813683
13,0,0.674088709328818,-0.145298938029435
13,1,0.83121322839004,-0.147507641628035
13,2,1.04512567457255,-0.149560497505474
13,3,1.34622788980942,-0.151452426027001
13,4,1.78724014405343,-0.153178732242767
13,5,2.46512615422913,-0.154735121066249
13,6,3.57171376939708,-0.156117711183224
13,7,5.52348742236273,-0.157323047639772
13,8,9.34317895007926,-0.158348113061718
13,9,18.0130650181037,-0.159190337464792
13,10,42.7996840197674,-0.159847606617823
13,11,149.317435988878,-0.160318268928732
13,12,580.242387417146,-0.160601140826957
13,13,-1616.65840963948,-0.160695510622425
13,14,580.242387417146,-0.160601140826953
13,15,149.317435988878,-0.160318268928732
13,16,42.7996840197674,-0.159847606617823
13,17,18.0130650181037,-0.159190337464787
13,18,9.34317895007926,-0.158348113061718
13,19,5.52348742236272,-0.157323047639772
13,20,3.57171376939708,-0.156117711183224
13,21,2.46512615422913,-0.154735121066231
13,22,1.78724014405345,-0.153178732242763
13,23,1.34622788980942,-0.151452426027001
13,24,1.04512567457255,-0.149560497505474
13,25,0.831213228390049,-0.147507641628044
13,26,0.674088709328818,-0.14529893802943
13,27,0.555348436211181,-0.142939834637366
13,28,0.463388148711963,-0.140436130128711
13,29,0.39063211151325,-0.137793955297815
13,30,0.331983973010935,-0.135019753406665
13,31,0.283924428914794,-0.132120259588872
13,32,0.243966585328848,-0.129102479383531
13,33,0.210316798656679,-0.125973666478074
13,34,0.181657557411852,-0.122741299741246
13,35,0.157005027492119,-0.11941305963093
13,36,0.135613498566164,-0.115996804062156
13,37,0.116910000172143,-0.112500543823917
13,38,0.100448745909826,-0.108932417633231
13,39,0.0858788656630592,-0.105300666917215
13,40,0.0729212029171436,-0.1016136104136
14,0,0.555348436211172,-0.142939834637384
14,1,0.674088709328818,-0.145298938029435
14,2,0.831213228390049,-0.147507641628044
14,3,1.04512567457255,-0.149560497505474
14,4,1.34622788980945,-0.151452426027006
14,5,1.78724014405343,-0.153178732242767
14,6,2.46512615422913,-0.154735121066249
14,7,3.57171376939706,-0.156117711183242
14,8,5.52348742236273,-0.157323047639772
14,9,9.34317895007924,-0.158348113061727
14,10,18.0130650181037,-0.159190337464792
14,11,42.7996840197674,-0.159847606617823
14,12,149.317435988877,-0.160318268928732
14,13,580.242387417146,-0.160601140826957
14,14,-1616.65840963948,-0.160695510622425
14,15,580.242387417145,-0.160601140826953
14,16,149.317435988878,-0.160318268928732
14,17,42.7996840197675,-0.159847606617814
14,18,18.0130650181037,-0.159190337464787
14,19,9.34317895007926,-0.158348113061718
14,20,5.52348742236272,-0.157323047639772
14,21,3.57171376939707,-0.156117711183238
14,22,2.46512615422913,-0.154735121066231
14,23,1.78724014405345,-0.153178732242763
14,24,1.34622788980942,-0.151452426027001
14,25,1.04512567457255,-0.149560497505474
14,26,0.831213228390049,-0.147507641628044
14,27,0.674088709328818,-0.145298938029444
14,28,0.555348436211181,-0.142939834637366
14,29,0.463388148711963,-0.140436130128711
14,30,0.39063211151325,-0.137793955297815
14,31,0.331983973010935,-0.135019753406665
14,32,0.283924428914788,-0.132120259588867
14,33,0.243966585328848,-0.129102479383531
14,34,0.210316798656679,-0.125973666478074
14,35,0.181657557411852,-0.122741299741246
14,36,0.157005027492119,-0.11941305963093
14,37,0.135613498566167,-0.115996804062161
14,38,0.116910000172143,-0.112500543823917
14,39,0.100448745909826,-0.108932417633231
14,40,0.0858788656630592,-0.105300666917215
15,0,0.463388148711963,-0.140436130128711
15,1,0.555348436211181,-0.142939834637366
15,2,0.674088709328818,-0.145298938029435
15,3,0.83121322839004,-0.147507641628035
15,4,1.04512567457255,-0.149560497505474
15,5,1.34622788980942,-0.151452426027001
15,6,1.78724014405344,-0.153178732242763
15,7,2.46512615422913,-0.154735121066249
15,8,3.57171376939708,-0.156117711183224
15,9,5.52348742236273,-0.157323047639772
15,10,9.34317895007926,-0.158348113061718
15,11,18.0130650181037,-0.159190337464787
15,12,42.7996840197674,-0.159847606617823
15,13,149.317435988878,-0.160318268928732
15,14,580.242387417145,-0.160601140826957
15,15,-1616.65840963948,-0.160695510622425
15,16,580.242387417146,-0.160601140826953
15,17,149.317435988878,-0.160318268928732
15,18,42.7996840197674,-0.159847606617823
15,19,18.0130650181037,-0.159190337464792
15,20,9.34317895007926,-0.158348113061718
15,21,5.52348742236272,-0.157323047639772
15,22,3.57171376939708,-0.156117711183224
15,23,2.46512615422913,-0.154735121066249
15,24,1.78724014405343,-0.153178732242767
15,25,1.34622788980944,-0.151452426027006
15,26,1.04512567457255,-0.149560497505465
15,27,0.83121322839004,-0.147507641628035
15,28,0.674088709328818,-0.145298938029435
15,29,0.555348436211172,-0.142939834637384
15,30,0.463388148711945,-0.140436130128698
15,31,0.390632111513241,-0.137793955297824
15,32,0.331983973010935,-0.13501975340667
15,33,0.283924428914787,-0.132120259588867
15,34,0.243966585328847,-0.129102479383536
15,35,0.210316798656674,-0.125973666478079
15,36,0.181657557411868,-0.122741299741268
15,37,0.157005027492123,-0.119413059630935
15,38,0.135613498566163,-0.115996804062152
15,39,0.116910000172155,-0.112500543823921
15,40,0.100448745909818,-0.108932417633226
16,0,0.39063211151325,-0.137793955297815
16,1,0.463388148711963,-0.140436130128711
16,2,0.555348436211172,-0.142939834637384
16,3,0.674088709328818,-0.145298938029435
16,4,0.831213228390049,-0.147507641628044
16,5,1.04512567457255,-0.149560497505474
16,6,1.34622788980942,-0.151452426027001
16,7,1.78724014405343,-0.153178732242767
16,8,2.46512615422913,-0.154735121066249
16,9,3.57171376939706,-0.156117711183242
16,10,5.52348742236273,-0.157323047639772
16,11,9.34317895007926,-0.158348113061718
16,12,18.0130650181037,-0.159190337464792
16,13,42.7996840197674,-0.159847606617823
16,14,149.317435988878,-0.160318268928732
16,15,580.242387417146,-0.160601140826957
16,16,-1616.65840963948,-0.160695510622425
16,17,580.242387417145,-0.160601140826953
16,18,149.317435988878,-0.160318268928732
16,19,42.7996840197674,-0.159847606617823
16,20,18.0130650181037,-0.159190337464787
16,21,9.34317895007928,-0.158348113061727
16,22,5.52348742236272,-0.157323047639772
16,23,3.57171376939708,-0.156117711183224
16,24,2.46512615422913,-0.154735121066249
16,25,1.78724014405343,-0.153178732242767
16,26,1.34622788980944,-0.151452426027006
16,27,1.04512567457256,-0.149560497505465
16,28,0.83121322839004,-0.147507641628035
16,29,0.674088709328818,-0.145298938029435
16,30,0.555348436211172,-0.142939834637384
16,31,0.463388148711945,-0.140436130128698
16,32,0.390632111513255,-0.137793955297824
16,33,0.331983973010935,-0.13501975340667
16,34,0.283924428914787,-0.132120259588867
16,35,0.243966585328847,-0.129102479383536
16,36,0.210316798656674,-0.125973666478079
16,37,0.181657557411834,-0.122741299741255
16,38,0.157005027492123,-0.119413059630935
16,39,0.135613498566163,-0.115996804062152
16,40,0.116910000172155,-0.112500543823921
17,0,0.331983973010928,-0.13501975340667
17,1,0.390632111513248,-0.137793955297824
17,2,0.463388148711963,-0.140436130128711
17,3,0.555348436211181,-0.142939834637366
17,4,0.674088709328813,-0.145298938029425
17,5,0.831213228390031,-0.14750764162804
17,6,1.04512567457256,-0.149560497505469
17,7,1.34622788980942,-0.151452426027001
17,8,1.78724014405344,-0.153178732242763
17,9,2.46512615422913,-0.154735121066249
17,10,3.57171376939708,-0.156117711183224
17,11,5.52348742236271,-0.157323047639772
17,12,9.34317895007926,-0.158348113061718
17,13,18.0130650181037,-0.159190337464787
17,14,42.7996840197675,-0.159847606617814
17,15,149.317435988878,-0.160318268928732
17,16,580.242387417145,-0.160601140826957
17,17,-1616.65840963948,-0.160695510622434
17,18,580.242387417146,-0.160601140826953
17,19,149.317435988877,-0.160318268928728
17,20,42.7996840197674,-0.159847606617823
17,21,18.0130650181037,-0.159190337464787
17,22,9.34317895007926,-0.158348113061718
17,23,5.52348742236272,-0.157323047639772
17,24,3.57171376939706,-0.156117711183242
17,25,2.46512615422914,-0.154735121066254
17,26,1.78724014405345,-0.153178732242767
17,27,1.34622788980942,-0.151452426027001
17,28,1.04512567457255,-0.149560497505474
17,29,0.831213228390049,-0.147507641628044
17,30,0.674088709328818,-0.14529893802943
17,31,0.555348436211185,-0.142939834637384
17,32,0.463388148711963,-0.140436130128711
17,33,0.39063211151325,-0.137793955297815
17,34,0.331983973010935,-0.135019753406665
17,35,0.283924428914794,-0.132120259588872
17,36,0.243966585328841,-0.129102479383531
17,37,0.210316798656679,-0.125973666478074
17,38,0.181657557411852,-0.122741299741246
17,39,0.157005027492119,-0.11941305963093
17,40,0.135613498566164,-0.115996804062156
18,0,0.28392442891478,-0.132120259588863
18,1,0.331983973010928,-0.13501975340667
18,2,0.39063211151325,-0.137793955297815
18,3,0.463388148711963,-0.140436130128711
18,4,0.555348436211172,-0.142939834637384
18,5,0.674088709328813,-0.145298938029425
18,6,0.831213228390031,-0.14750764162804
18,7,1.04512567457255,-0.149560497505474
18,8,1.34622788980942,-0.151452426027001
18,9,1.78724014405343,-0.153178732242767
18,10,2.46512615422913,-0.154735121066249
18,11,3.57171376939708,-0.156117711183224
18,12,5.52348742236273,-0.157323047639772
18,13,9.34317895007926,-0.158348113061718
18,14,18.0130650181037,-0.159190337464787
18,15,42.7996840197674,-0.159847606617823
18,16,149.317435988878,-0.160318268928732
18,17,580.242387417146,-0.160601140826957
18,18,-1616.65840963948,-0.160695510622434
18,19,580.242387417146,-0.160601140826953
18,20,149.317435988878,-0.160318268928732
18,21,42.7996840197676,-0.159847606617818
18,22,18.0130650181037,-0.159190337464787
18,23,9.34317895007926,-0.158348113061718
18,24,5.52348742236272,-0.157323047639772
18,25,3.57171376939706,-0.156117711183242
18,26,2.46512615422914,-0.154735121066254
18,27,1.78724014405345,-0.153178732242763
18,28,1.34622788980942,-0.151452426027001
18,29,1.04512567457255,-0.149560497505474
18,30,0.831213228390049,-0.147507641628044
18,31,0.674088709328818,-0.14529893802943
18,32,0.555348436211181,-0.142939834637366
18,33,0.463388148711963,-0.140436130128711
18,34,0.39063211151325,-0.137793955297815
18,35,0.331983973010935,-0.135019753406665
18,36,0.283924428914794,-0.132120259588872
18,37,0.243966585328848,-0.129102479383531
18,38,0.210316798656679,-0.125973666478074
18,39,0.181657557411852,-0.122741299741246
18,40,0.157005027492119,-0.11941305963093
19,0,0.243966585328854,-0.129102479383536
19,1,0.283924428914787,-0.132120259588863
19,2,0.331983973010935,-0.135019753406665
19,3,0.39063211151325,-0.137793955297815
19,4,0.463388148711957,-0.140436130128693
19,5,0.555348436211181,-0.142939834637389
19,6,0.674088709328827,-0.14529893802943
19,7,0.831213228390049,-0.147507641628044
19,8,1.04512567457255,-0.149560497505474
19,9,1.34622788980943,-0.151452426027006
19,10,1.78724014405343,-0.153178732242767
19,11,2.46512615422913,-0.154735121066249
19,12,3.57171376939706,-0.156117711183242
19,13,5.52348742236273,-0.157323047639772
19,14,9.34317895007926,-0.158348113061718
19,15,18.0130650181037,-0.159190337464792
19,16,42.7996840197674,-0.159847606617823
19,17,149.317435988877,-0.160318268928732
19,18,580.242387417146,-0.160601140826957
19,19,-1616.65840963948,-0.160695510622443
19,20,580.242387417145,-0.160601140826953
19,21,149.317435988878,-0.160318268928755
19,22,42.7996840197676,-0.159847606617818
19,23,18.0130650181037,-0.159190337464787
19,24,9.34317895007926,-0.158348113061718
19,25,5.52348742236272,-0.157323047639772
19,26,3.57171376939706,-0.156117711183242
19,27,2.46512615422913,-0.154735121066231
19,28,1.78724014405345,-0.153178732242763
19,29,1.34622788980942,-0.151452426027001
19,30,1.04512567457255,-0.149560497505474
19,31,0.831213228390049,-0.147507641628044
19,32,0.674088709328818,-0.145298938029444
19,33,0.555348436211181,-0.142939834637366
19,34,0.463388148711963,-0.140436130128711
19,35,0.39063211151325,-0.137793955297815
19,36,0.331983973010935,-0.135019753406665
19,37,0.283924428914788,-0.132120259588867
19,38,0.243966585328848,-0.129102479383531
19,39,0.210316798656679,-0.125973666478074
19,40,0.181657557411852,-0.122741299741246
20,0,0.210316798656679,-0.125973666478074
20,1,0.243966585328848,-0.129102479383531
20,2,0.283924428914787,-0.132120259588863
20,3,0.331983973010933,-0.135019753406665
20,4,0.39063211151325,-0.137793955297815
20,5,0.463388148711963,-0.140436130128711
20,6,0.555348436211181,-0.142939834637366
20,7,0.674088709328827,-0.14529893802943
20,8,0.831213228390045,-0.147507641628044
20,9,1.04512567457255,-0.149560497505474
20,10,1.34622788980942,-0.151452426027001
20,11,1.78724014405344,-0.153178732242763
20,12,2.46512615422913,-0.154735121066249
20,13,3.57171376939708,-0.156117711183224
20,14,5.52348742236271,-0.157323047639772
20,15,9.34317895007926,-0.158348113061718
20,16,18.0130650181037,-0.159190337464787
20,17,42.7996840197674,-0.159847606617823
20,18,149.317435988878,-0.160318268928732
20,19,580.242387417145,-0.160601140826957
20,20,-1616.65840963948,-0.160695510622443
20,21,580.242387417145,-0.160601140826953
20,22,149.317435988878,-0.160318268928732
20,23,42.7996840197674,-0.159847606617823
20,24,18.0130650181037,-0.159190337464792
20,25,9.34317895007923,-0.158348113061727
20,26,5.52348742236271,-0.157323047639758
20,27,3.57171376939708,-0.156117711183224
20,28,2.46512615422913,-0.154735121066249
20,29,1.78724014405343,-0.153178732242767
20,30,1.34622788980943,-0.151452426027006
20,31,1.04512567457254,-0.14956049750546
20,32,0.831213228390045,-0.147507641628044
20,33,0.674088709328827,-0.14529893802943
20,34,0.555348436211181,-0.142939834637389
20,35,0.463388148711957,-0.140436130128693
20,36,0.390632111513253,-0.137793955297829
20,37,0.331983973010933,-0.135019753406665
20,38,0.283924428914787,-0.132120259588863
20,39,0.243966585328853,-0.129102479383536
20,40,0.210316798656674,-0.125973666478079
21,0,0.18165755741184,-0.122741299741259
21,1,0.210316798656685,-0.12597366647807
21,2,0.243966585328848,-0.129102479383531
21,3,0.283924428914788,-0.132120259588867
21,4,0.331983973010933,-0.135019753406665
21,5,0.390632111513263,-0.13779395529782
21,6,0.463388148711945,-0.140436130128716
21,7,0.555348436211181,-0.142939834637366
21,8,0.674088709328818,-0.145298938029444
21,9,0.831213228390045,-0.147507641628044
21,10,1.04512567457256,-0.149560497505469
21,11,1.34622788980944,-0.151452426026997
21,12,1.78724014405344,-0.153178732242763
21,13,2.46512615422913,-0.154735121066231
21,14,3.57171376939707,-0.156117711183238
21,15,5.52348742236271,-0.157323047639772
21,16,9.34317895007928,-0.158348113061727
21,17,18.0130650181037,-0.159190337464787
21,18,42.7996840197676,-0.159847606617818
21,19,149.317435988878,-0.160318268928759
21,20,580.242387417145,-0.160601140826957
21,21,-1616.65840963948,-0.160695510622443
21,22,580.242387417146,-0.160601140826957
21,23,149.317435988877,-0.160318268928728
21,24,42.7996840197674,-0.159847606617828
21,25,18.0130650181037,-0.159190337464792
21,26,9.3431789500792,-0.158348113061713
21,27,5.52348742236272,-0.157323047639772
21,28,3.57171376939706,-0.156117711183242
21,29,2.46512615422914,-0.154735121066254
21,30,1.78724014405345,-0.153178732242767
21,31,1.34622788980942,-0.151452426027001
21,32,1.04512567457255,-0.149560497505474
21,33,0.831213228390049,-0.147507641628044
21,34,0.674088709328818,-0.14529893802943
21,35,0.555348436211185,-0.142939834637384
21,36,0.463388148711961,-0.140436130128707
21,37,0.39063211151325,-0.137793955297815
21,38,0.331983973010935,-0.135019753406665
21,39,0.283924428914794,-0.132120259588872
21,40,0.243966585328841,-0.129102479383531
22,0,0.157005027492123,-0.119413059630935
22,1,0.18165755741184,-0.122741299741259
22,2,0.210316798656679,-0.125973666478074
22,3,0.243966585328848,-0.129102479383531
22,4,0.283924428914793,-0.132120259588867
22,5,0.33198397301094,-0.135019753406665
22,6,0.390632111513272,-0.13779395529782
22,7,0.463388148711963,-0.140436130128711
22,8,0.555348436211181,-0.142939834637366
22,9,0.674088709328832,-0.145298938029439
22,10,0.831213228390054,-0.14750764162804
22,11,1.04512567457256,-0.149560497505465
22,12,1.34622788980942,-0.151452426027001
22,13,1.78724014405344,-0.153178732242763
22,14,2.46512615422913,-0.154735121066231
22,15,3.57171376939708,-0.156117711183224
22,16,5.52348742236271,-0.157323047639772
22,17,9.34317895007926,-0.158348113061718
22,18,18.0130650181037,-0.159190337464787
22,19,42.7996840197676,-0.159847606617818
22,20,149.317435988878,-0.160318268928732
22,21,580.242387417146,-0.160601140826957
22,22,-1616.65840963948,-0.160695510622434
22,23,580.242387417146,-0.160601140826957
22,24,149.317435988877,-0.160318268928728
22,25,42.7996840197673,-0.159847606617828
22,26,18.0130650181037,-0.159190337464792
22,27,9.34317895007926,-0.158348113061718
22,28,5.52348742236272,-0.157323047639772
22,29,3.57171376939706,-0.156117711183242
22,30,2.46512615422914,-0.154735121066254
22,31,1.78724014405345,-0.153178732242767
22,32,1.34622788980942,-0.151452426027001
22,33,1.04512567457255,-0.149560497505474
22,34,0.831213228390049,-0.147507641628044
22,35,0.674088709328818,-0.14529893802943
22,36,0.555348436211185,-0.142939834637384
22,37,0.463388148711963,-0.140436130128711
22,38,0.39063211151325,-0.137793955297815
22,39,0.331983973010935,-0.135019753406665
22,40,0.283924428914794,-0.132120259588872
23,0,0.135613498566162,-0.115996804062152
23,1,0.157005027492123,-0.119413059630935
23,2,0.181657557411852,-0.122741299741246
23,3,0.210316798656679,-0.125973666478074
23,4,0.243966585328854,-0.12910247938354
23,5,0.283924428914793,-0.132120259588867
23,6,0.33198397301094,-0.135019753406665
23,7,0.39063211151325,-0.137793955297815
23,8,0.463388148711963,-0.140436130128711
23,9,0.555348436211181,-0.142939834637389
23,10,0.674088709328832,-0.145298938029439
23,11,0.831213228390054,-0.14750764162804
23,12,1.04512567457255,-0.149560497505474
23,13,1.34622788980942,-0.151452426027001
23,14,1.78724014405344,-0.153178732242763
23,15,2.46512615422913,-0.154735121066249
23,16,3.57171376939708,-0.156117711183224
23,17,5.52348742236273,-0.157323047639772
23,18,9.34317895007926,-0.158348113061718
23,19,18.0130650181037,-0.159190337464787
23,20,42.7996840197674,-0.159847606617823
23,21,149.317435988877,-0.160318268928732
23,22,580.242387417146,-0.160601140826957
23,23,-1616.65840963948,-0.160695510622434
23,24,580.242387417146,-0.160601140826957
23,25,149.317435988877,-0.160318268928728
23,26,42.7996840197673,-0.159847606617828
23,27,18.0130650181037,-0.159190337464787
23,28,9.34317895007926,-0.158348113061718
23,29,5.52348742236272,-0.157323047639772
23,30,3.57171376939706,-0.156117711183242
23,31,2.46512615422914,-0.154735121066254
23,32,1.78724014405345,-0.153178732242763
23,33,1.34622788980942,-0.151452426027001
23,34,1.04512567457255,-0.149560497505474
23,35,0.831213228390049,-0.147507641628044
23,36,0.674088709328818,-0.14529893802943
23,37,0.555348436211181,-0.142939834637366
23,38,0.463388148711963,-0.140436130128711
23,39,0.39063211151325,-0.137793955297815
23,40,0.331983973010935,-0.135019753406665
24,0,0.116910000172155,-0.112500543823919
24,1,0.135613498566162,-0.115996804062152
24,2,0.157005027492119,-0.11941305963093
24,3,0.181657557411852,-0.122741299741246
24,4,0.210316798656674,-0.125973666478079
24,5,0.243966585328847,-0.129102479383536
24,6,0.283924428914787,-0.132120259588867
24,7,0.331983973010935,-0.135019753406665
24,8,0.39063211151325,-0.137793955297815
24,9,0.463388148711945,-0.140436130128698
24,10,0.555348436211172,-0.142939834637384
24,11,0.674088709328818,-0.145298938029435
24,12,0.831213228390049,-0.147507641628044
24,13,1.04512567457255,-0.149560497505474
24,14,1.34622788980942,-0.151452426027001
24,15,1.78724014405343,-0.153178732242767
24,16,2.46512615422913,-0.154735121066249
24,17,3.57171376939706,-0.156117711183242
24,18,5.52348742236273,-0.157323047639772
24,19,9.34317895007926,-0.158348113061718
24,20,18.0130650181037,-0.159190337464792
24,21,42.7996840197673,-0.159847606617828
24,22,149.317435988877,-0.160318268928732
24,23,580.242387417146,-0.160601140826957
24,24,-1616.65840963948,-0.160695510622425
24,25,580.242387417146,-0.160601140826953
24,26,149.317435988877,-0.160318268928728
24,27,42.7996840197675,-0.159847606617814
24,28,18.0130650181037,-0.159190337464787
24,29,9.34317895007926,-0.158348113061718
24,30,5.52348742236272,-0.157323047639772
24,31,3.57171376939706,-0.156117711183242
24,32,2.46512615422913,-0.154735121066231
24,33,1.78724014405345,-0.153178732242763
24,34,1.34622788980942,-0.151452426027001
24,35,1.04512567457255,-0.149560497505474
24,36,0.831213228390049,-0.147507641628044
24,37,0.674088709328818,-0.145298938029444
24,38,0.555348436211181,-0.142939834637366
24,39,0.463388148711963,-0.140436130128711
24,40,0.39063211151325,-0.137793955297815
25,0,0.100448745909818,-0.108932417633226
25,1,0.116910000172155,-0.112500543823919
25,2,0.135613498566163,-0.115996804062156
25,3,0.157005027492119,-0.11941305963093
25,4,0.181657557411868,-0.122741299741268
25,5,0.210316798656674,-0.125973666478079
25,6,0.243966585328847,-0.129102479383536
25,7,0.283924428914793,-0.132120259588872
25,8,0.331983973010935,-0.135019753406665
25,9,0.390632111513241,-0.137793955297824
25,10,0.463388148711945,-0.140436130128698
25,11,0.555348436211172,-0.142939834637384
25,12,0.674088709328818,-0.14529893802943
25,13,0.831213228390049,-0.147507641628044
25,14,1.04512567457255,-0.149560497505474
25,15,1.34622788980945,-0.151452426027006
25,16,1.78724014405343,-0.153178732242767
25,17,2.46512615422914,-0.154735121066254
25,18,3.57171376939706,-0.156117711183242
25,19,5.52348742236273,-0.157323047639772
25,20,9.34317895007924,-0.158348113061727
25,21,18.0130650181037,-0.159190337464792
25,22,42.7996840197673,-0.159847606617828
25,23,149.317435988877,-0.160318268928732
25,24,580.242387417146,-0.160601140826957
25,25,-1616.65840963948,-0.160695510622425
25,26,580.242387417146,-0.160601140826953
25,27,149.317435988878,-0.160318268928746
25,28,42.7996840197675,-0.159847606617814
25,29,18.0130650181037,-0.159190337464787
25,30,9.34317895007926,-0.158348113061718
25,31,5.52348742236272,-0.157323047639772
25,32,3.57171376939707,-0.156117711183238
25,33,2.46512615422913,-0.154735121066231
25,34,1.78724014405345,-0.153178732242763
25,35,1.34622788980942,-0.151452426027001
25,36,1.04512567457255,-0.149560497505474
25,37,0.831213228390058,-0.147507641628053
25,38,0.674088709328818,-0.145298938029444
25,39,0.555348436211181,-0.142939834637366
25,40,0.463388148711963,-0.140436130128711
26,0,0.0858788656630671,-0.105300666917222
26,1,0.100448745909818,-0.108932417633226
26,2,0.11691000017215,-0.112500543823915
26,3,0.135613498566163,-0.115996804062156
26,4,0.157005027492108,-0.119413059630917
26,5,0.181657557411868,-0.122741299741268
26,6,0.210316798656674,-0.125973666478079
26,7,0.243966585328841,-0.129102479383531
26,8,0.283924428914793,-0.132120259588872
26,9,0.331983973010926,-0.135019753406665
26,10,0.390632111513241,-0.137793955297824
26,11,0.463388148711945,-0.140436130128698
26,12,0.555348436211185,-0.142939834637384
26,13,0.674088709328818,-0.14529893802943
26,14,0.831213228390049,-0.147507641628044
26,15,1.04512567457255,-0.149560497505465
26,16,1.34622788980945,-0.151452426027006
26,17,1.78724014405345,-0.153178732242767
26,18,2.46512615422914,-0.154735121066254
26,19,3.57171376939706,-0.156117711183242
26,20,5.52348742236271,-0.157323047639758
26,21,9.34317895007921,-0.158348113061713
26,22,18.0130650181037,-0.159190337464792
26,23,42.7996840197673,-0.159847606617828
26,24,149.317435988877,-0.160318268928732
26,25,580.242387417146,-0.160601140826957
26,26,-1616.65840963948,-0.160695510622425
26,27,580.242387417143,-0.160601140826971
26,28,149.317435988878,-0.160318268928746
26,29,42.7996840197675,-0.159847606617814
26,30,18.0130650181037,-0.159190337464787
26,31,9.34317895007926,-0.158348113061718
26,32,5.52348742236274,-0.157323047639767
26,33,3.57171376939707,-0.156117711183238
26,34,2.46512615422913,-0.154735121066231
26,35,1.78724014405345,-0.153178732242763
26,36,1.34622788980942,-0.151452426027001
26,37,1.04512567457254,-0.149560497505456
26,38,0.831213228390058,-0.147507641628053
26,39,0.674088709328818,-0.145298938029444
26,40,0.555348436211181,-0.142939834637366
27,0,0.0729212029171447,-0.101613610413607
27,1,0.0858788656630433,-0.105300666917202
27,2,0.100448745909826,-0.108932417633231
27,3,0.116910000172144,-0.112500543823915
27,4,0.135613498566162,-0.115996804062152
27,5,0.157005027492123,-0.119413059630935
27,6,0.181657557411834,-0.122741299741255
27,7,0.210316798656679,-0.125973666478074
27,8,0.243966585328848,-0.129102479383531
27,9,0.283924428914787,-0.132120259588867
27,10,0.331983973010935,-0.13501975340667
27,11,0.390632111513257,-0.137793955297824
27,12,0.463388148711963,-0.140436130128711
27,13,0.555348436211181,-0.142939834637366
27,14,0.674088709328818,-0.145298938029444
27,15,0.83121322839004,-0.147507641628035
27,16,1.04512567457256,-0.149560497505465
27,17,1.34622788980942,-0.151452426027001
27,18,1.78724014405344,-0.153178732242763
27,19,2.46512615422913,-0.154735121066231
27,20,3.57171376939708,-0.156117711183224
27,21,5.52348742236273,-0.157323047639772
27,22,9.34317895007926,-0.158348113061718
27,23,18.0130650181037,-0.159190337464787
27,24,42.7996840197675,-0.159847606617814
27,25,149.317435988878,-0.16031826892875
27,26,580.242387417143,-0.160601140826975
27,27,-1616.65840963948,-0.160695510622425
27,28,580.242387417146,-0.160601140826953
27,29,149.317435988877,-0.160318268928728
27,30,42.7996840197673,-0.159847606617828
27,31,18.0130650181037,-0.159190337464792
27,32,9.34317895007926,-0.158348113061718
27,33,5.52348742236272,-0.157323047639772
27,34,3.57171376939706,-0.156117711183242
27,35,2.46512615422914,-0.154735121066254
27,36,1.78724014405345,-0.153178732242767
27,37,1.34622788980942,-0.151452426027001
27,38,1.04512567457255,-0.149560497505474
27,39,0.831213228390049,-0.147507641628044
27,40,0.674088709328818,-0.14529893802943
28,0,0.0613513980591146,-0.0978796186813592
28,1,0.0729212029171447,-0.101613610413607
28,2,0.0858788656630592,-0.105300666917215
28,3,0.100448745909826,-0.108932417633231
28,4,0.116910000172155,-0.112500543823919
28,5,0.135613498566162,-0.115996804062152
28,6,0.157005027492123,-0.119413059630935
28,7,0.181657557411852,-0.122741299741246
28,8,0.210316798656679,-0.125973666478074
28,9,0.243966585328847,-0.129102479383536
28,10,0.283924428914787,-0.132120259588867
28,11,0.331983973010935,-0.13501975340667
28,12,0.39063211151325,-0.137793955297815
28,13,0.463388148711963,-0.140436130128711
28,14,0.555348436211181,-0.142939834637366
28,15,0.674088709328818,-0.145298938029435
28,16,0.83121322839004,-0.147507641628035
28,17,1.04512567457255,-0.149560497505474
28,18,1.34622788980942,-0.151452426027001
28,19,1.78724014405344,-0.153178732242763
28,20,2.46512615422913,-0.154735121066249
28,21,3.57171376939706,-0.156117711183242
28,22,5.52348742236273,-0.157323047639772
28,23,9.34317895007926,-0.158348113061718
28,24,18.0130650181037,-0.159190337464787
28,25,42.7996840197675,-0.159847606617814
28,26,149.317435988878,-0.16031826892875
28,27,580.242387417146,-0.160601140826957
28,28,-1616.65840963948,-0.160695510622425
28,29,580.242387417146,-0.160601140826953
28,30,149.317435988877,-0.160318268928728
28,31,42.7996840197673,-0.159847606617828
28,32,18.0130650181037,-0.159190337464787
28,33,9.34317895007926,-0.158348113061718
28,34,5.52348742236272,-0.157323047639772
28,35,3.57171376939706,-0.156117711183242
28,36,2.46512615422914,-0.154735121066254
28,37,1.78724014405345,-0.153178732242763
28,38,1.34622788980942,-0.151452426027001
28,39,1.04512567457255,-0.149560497505474
28,40,0.831213228390049,-0.147507641628044
29,0,0.0509873965351007,-0.0941070886118011
29,1,0.0613513980591146,-0.0978796186813592
29,2,0.0729212029171424,-0.1016136104136
29,3,0.0858788656630592,-0.105300666917215
29,4,0.100448745909818,-0.108932417633226
29,5,0.116910000172155,-0.112500543823919
29,6,0.135613498566162,-0.115996804062152
29,7,0.157005027492119,-0.11941305963093
29,8,0.181657557411852,-0.122741299741246
29,9,0.210316798656674,-0.125973666478079
29,10,0.243966585328847,-0.129102479383536
29,11,0.283924428914787,-0.132120259588867
29,12,0.331983973010935,-0.135019753406665
29,13,0.39063211151325,-0.137793955297815
29,14,0.463388148711963,-0.140436130128711
29,15,0.555348436211172,-0.142939834637384
29,16,0.674088709328818,-0.145298938029435
29,17,0.831213228390049,-0.147507641628044
29,18,1.04512567457255,-0.149560497505474
29,19,1.34622788980942,-0.151452426027001
29,20,1.78724014405343,-0.153178732242767
29,21,2.46512615422914,-0.154735121066254
29,22,3.57171376939706,-0.156117711183242
29,23,5.52348742236273,-0.157323047639772
29,24,9.34317895007926,-0.158348113061718
29,25,18.0130650181037,-0.159190337464787
29,26,42.7996840197675,-0.159847606617814
29,27,149.317435988877,-0.160318268928732
29,28,580.242387417146,-0.160601140826957
29,29,-1616.65840963948,-0.160695510622425
29,30,580.242387417146,-0.160601140826953
29,31,149.317435988877,-0.160318268928728
29,32,42.7996840197675,-0.159847606617814
29,33,18.0130650181037,-0.159190337464787
29,34,9.34317895007926,-0.158348113061718
29,35,5.52348742236272,-0.157323047639772
29,36,3.57171376939706,-0.156117711183242
29,37,2.46512615422913,-0.154735121066231
29,38,1.78724014405345,-0.153178732242763
29,39,1.34622788980942,-0.151452426027001
29,40,1.04512567457255,-0.149560497505474
30,0,0.0416801153086181,-0.0903044180314937
30,1,0.0509873965351007,-0.0941070886118011
30,2,0.06135139805911,-0.0978796186813683
30,3,0.0729212029171424,-0.1016136104136
30,4,0.0858788656630671,-0.105300666917222
30,5,0.100448745909811,-0.108932417633217
30,6,0.116910000172155,-0.112500543823919
30,7,0.135613498566163,-0.115996804062156
30,8,0.157005027492119,-0.11941305963093
30,9,0.181657557411868,-0.122741299741268
30,10,0.210316798656662,-0.125973666478065
30,11,0.243966585328847,-0.129102479383531
30,12,0.283924428914793,-0.132120259588872
30,13,0.331983973010935,-0.135019753406665
30,14,0.39063211151325,-0.137793955297815
30,15,0.463388148711943,-0.140436130128689
30,16,0.555348436211172,-0.142939834637384
30,17,0.674088709328818,-0.14529893802943
30,18,0.831213228390049,-0.147507641628044
30,19,1.04512567457255,-0.149560497505474
30,20,1.34622788980943,-0.151452426027006
30,21,1.78724014405345,-0.153178732242772
30,22,2.46512615422912,-0.154735121066249
30,23,3.57171376939705,-0.156117711183233
30,24,5.5234874223627,-0.157323047639763
30,25,9.34317895007924,-0.158348113061713
30,26,18.0130650181037,-0.159190337464787
30,27,42.7996840197673,-0.159847606617818
30,28,149.317435988877,-0.160318268928732
30,29,580.242387417146,-0.160601140826957
30,30,-1616.65840963948,-0.160695510622434
30,31,580.242387417146,-0.160601140826953
30,32,149.317435988879,-0.160318268928746
30,33,42.7996840197676,-0.159847606617814
30,34,18.0130650181038,-0.159190337464792
30,35,9.3431789500793,-0.158348113061718
30,36,5.52348742236274,-0.157323047639772
30,37,3.57171376939709,-0.156117711183233
30,38,2.46512615422914,-0.154735121066227
30,39,1.78724014405345,-0.153178732242763
30,40,1.34622788980943,-0.151452426027001
31,0,0.0333063927913481,-0.0864799804866938
31,1,0.0416801153086181,-0.0903044180314937
31,2,0.0509873965350962,-0.0941070886117943
31,3,0.06135139805911,-0.0978796186813683
31,4,0.0729212029171288,-0.101613610413587
31,5,0.0858788656630671,-0.105300666917222
31,6,0.100448745909811,-0.108932417633217
31,7,0.11691000017215,-0.112500543823915
31,8,0.135613498566163,-0.115996804062156
31,9,0.157005027492099,-0.119413059630912
31,10,0.181657557411868,-0.122741299741268
31,11,0.210316798656662,-0.125973666478065
31,12,0.243966585328841,-0.129102479383531
31,13,0.283924428914793,-0.132120259588872
31,14,0.331983973010935,-0.135019753406665
31,15,0.390632111513238,-0.137793955297819
31,16,0.463388148711943,-0.140436130128689
31,17,0.555348436211185,-0.142939834637384
31,18,0.674088709328818,-0.14529893802943
31,19,0.831213228390049,-0.147507641628044
31,20,1.04512567457254,-0.14956049750546
31,21,1.34622788980942,-0.151452426027001
31,22,1.78724014405345,-0.153178732242772
31,23,2.46512615422912,-0.154735121066249
31,24,3.57171376939705,-0.156117711183233
31,25,5.5234874223627,-0.157323047639763
31,26,9.34317895007924,-0.158348113061713
31,27,18.0130650181037,-0.159190337464792
31,28,42.7996840197673,-0.159847606617818
31,29,149.317435988877,-0.160318268928732
31,30,580.242387417146,-0.160601140826957
31,31,-1616.65840963948,-0.160695510622434
31,32,580.242387417143,-0.160601140826971
31,33,149.317435988879,-0.160318268928746
31,34,42.7996840197676,-0.159847606617814
31,35,18.0130650181038,-0.159190337464792
31,36,9.3431789500793,-0.158348113061718
31,37,5.52348742236276,-0.157323047639767
31,38,3.57171376939709,-0.156117711183233
31,39,2.46512615422914,-0.154735121066227
31,40,1.78724014405345,-0.153178732242763
32,0,0.0257636096100463,-0.0826421002975278
32,1,0.033306392791339,-0.0864799804866733
32,2,0.041680115308634,-0.0903044180315119
32,3,0.0509873965350848,-0.0941070886117989
32,4,0.0613513980591055,-0.0978796186813547
32,5,0.0729212029171527,-0.101613610413614
32,6,0.0858788656630433,-0.105300666917202
32,7,0.100448745909826,-0.108932417633231
32,8,0.116910000172144,-0.112500543823915
32,9,0.135613498566154,-0.115996804062147
32,10,0.157005027492134,-0.119413059630935
32,11,0.181657557411835,-0.12274129974125
32,12,0.210316798656679,-0.125973666478074
32,13,0.243966585328848,-0.129102479383531
32,14,0.283924428914788,-0.132120259588867
32,15,0.331983973010933,-0.135019753406665
32,16,0.390632111513263,-0.13779395529782
32,17,0.463388148711963,-0.140436130128711
32,18,0.555348436211181,-0.142939834637366
32,19,0.674088709328818,-0.145298938029444
32,20,0.831213228390045,-0.147507641628044
32,21,1.04512567457256,-0.149560497505474
32,22,1.34622788980943,-0.151452426027001
32,23,1.78724014405344,-0.153178732242763
32,24,2.46512615422913,-0.154735121066236
32,25,3.57171376939709,-0.156117711183238
32,26,5.52348742236275,-0.157323047639767
32,27,9.34317895007928,-0.158348113061713
32,28,18.0130650181037,-0.159190337464792
32,29,42.7996840197675,-0.159847606617805
32,30,149.317435988879,-0.16031826892875
32,31,580.242387417143,-0.160601140826975
32,32,-1616.65840963948,-0.160695510622443
32,33,580.242387417146,-0.160601140826957
32,34,149.317435988878,-0.160318268928737
32,35,42.7996840197674,-0.159847606617823
32,36,18.0130650181037,-0.159190337464787
32,37,9.34317895007928,-0.158348113061713
32,38,5.52348742236272,-0.157323047639763
32,39,3.57171376939707,-0.156117711183233
32,40,2.46512615422913,-0.154735121066249
33,0,0.0189655456591009,-0.0787990279702533
33,1,0.0257636096100463,-0.0826421002975278
33,2,0.033306392791339,-0.0864799804866733
33,3,0.041680115308634,-0.0903044180315119
33,4,0.050987396535103,-0.094107088611808
33,5,0.0613513980591055,-0.0978796186813547
33,6,0.0729212029171527,-0.101613610413614
33,7,0.0858788656630592,-0.105300666917215
33,8,0.100448745909826,-0.108932417633231
33,9,0.11691000017216,-0.112500543823924
33,10,0.135613498566154,-0.115996804062147
33,11,0.157005027492134,-0.119413059630935
33,12,0.181657557411852,-0.122741299741246
33,13,0.210316798656679,-0.125973666478074
33,14,0.243966585328848,-0.129102479383531
33,15,0.283924428914787,-0.132120259588863
33,16,0.331983973010933,-0.135019753406665
33,17,0.39063211151325,-0.137793955297815
33,18,0.463388148711963,-0.140436130128711
33,19,0.555348436211181,-0.142939834637366
33,20,0.674088709328827,-0.14529893802943
33,21,0.831213228390049,-0.147507641628044
33,22,1.04512567457256,-0.149560497505474
33,23,1.34622788980943,-0.151452426027001
33,24,1.78724014405344,-0.153178732242763
33,25,2.46512615422913,-0.154735121066236
33,26,3.57171376939709,-0.156117711183238
33,27,5.52348742236271,-0.157323047639763
33,28,9.34317895007928,-0.158348113061713
33,29,18.0130650181037,-0.159190337464792
33,30,42.7996840197675,-0.159847606617805
33,31,149.317435988879,-0.16031826892875
33,32,580.242387417146,-0.160601140826957
33,33,-1616.65840963948,-0.160695510622443
33,34,580.242387417146,-0.160601140826957
33,35,149.317435988878,-0.160318268928737
33,36,42.7996840197674,-0.159847606617823
33,37,18.0130650181037,-0.159190337464792
33,38,9.34317895007928,-0.158348113061713
33,39,5.52348742236272,-0.157323047639763
33,40,3.57171376939707,-0.156117711183233
34,0,0.0128391614999714,-0.0749589160521094
34,1,0.0189655456591009,-0.0787990279702533
34,2,0.025763609610044,-0.0826421002975187
34,3,0.033306392791339,-0.0864799804866733
34,4,0.0416801153086181,-0.0903044180314937
34,5,0.050987396535103,-0.094107088611808
34,6,0.0613513980591055,-0.0978796186813547
34,7,0.0729212029171424,-0.1016136104136
34,8,0.0858788656630592,-0.105300666917215
34,9,0.100448745909811,-0.108932417633217
34,10,0.11691000017216,-0.112500543823924
34,11,0.135613498566154,-0.115996804062147
34,12,0.157005027492119,-0.11941305963093
34,13,0.181657557411852,-0.122741299741246
34,14,0.210316798656679,-0.125973666478074
34,15,0.243966585328854,-0.129102479383536
34,16,0.283924428914787,-0.132120259588863
34,17,0.331983973010935,-0.135019753406665
34,18,0.39063211151325,-0.137793955297815
34,19,0.463388148711963,-0.140436130128711
34,20,0.555348436211181,-0.142939834637389
34,21,0.674088709328818,-0.14529893802943
34,22,0.831213228390049,-0.147507641628044
34,23,1.04512567457256,-0.149560497505474
34,24,1.34622788980943,-0.151452426027001
34,25,1.78724014405344,-0.153178732242763
34,26,2.46512615422913,-0.154735121066236
34,27,3.57171376939707,-0.156117711183233
34,28,5.52348742236271,-0.157323047639763
34,29,9.34317895007928,-0.158348113061713
34,30,18.0130650181037,-0.159190337464792
34,31,42.7996840197675,-0.159847606617805
34,32,149.317435988878,-0.160318268928741
34,33,580.242387417146,-0.160601140826957
34,34,-1616.65840963948,-0.160695510622443
34,35,580.242387417146,-0.160601140826957
34,36,149.317435988878,-0.160318268928737
34,37,42.7996840197676,-0.159847606617805
34,38,18.0130650181037,-0.159190337464792
34,39,9.34317895007928,-0.158348113061713
34,40,5.52348742236272,-0.157323047639763
35,0,0.00732207767407316,-0.0711297955123563
35,1,0.0128391614999714,-0.0749589160521094
35,2,0.0189655456591055,-0.0787990279702669
35,3,0.025763609610044,-0.0826421002975187
35,4,0.0333063927913526,-0.0864799804867006
35,5,0.0416801153086181,-0.0903044180314937
35,6,0.050987396535103,-0.094107088611808
35,7,0.06135139805911,-0.0978796186813683
35,8,0.0729212029171424,-0.1016136104136
35,9,0.0858788656630728,-0.105300666917229
35,10,0.100448745909811,-0.108932417633217
35,11,0.11691000017216,-0.112500543823924
35,12,0.135613498566163,-0.115996804062156
35,13,0.157005027492119,-0.11941305963093
35,14,0.181657557411852,-0.122741299741246
35,15,0.210316798656662,-0.125973666478065
35,16,0.243966585328854,-0.129102479383536
35,17,0.283924428914793,-0.132120259588872
35,18,0.331983973010935,-0.135019753406665
35,19,0.39063211151325,-0.137793955297815
35,20,0.463388148711957,-0.140436130128693
35,21,0.555348436211185,-0.142939834637384
35,22,0.674088709328818,-0.14529893802943
35,23,0.831213228390049,-0.147507641628044
35,24,1.04512567457256,-0.149560497505474
35,25,1.34622788980943,-0.151452426027001
35,26,1.78724014405344,-0.153178732242763
35,27,2.46512615422913,-0.154735121066249
35,28,3.57171376939707,-0.156117711183233
35,29,5.52348742236271,-0.157323047639763
35,30,9.34317895007928,-0.158348113061713
35,31,18.0130650181037,-0.159190337464792
35,32,42.7996840197674,-0.159847606617823
35,33,149.317435988878,-0.160318268928741
35,34,580.242387417146,-0.160601140826957
35,35,-1616.65840963948,-0.160695510622443
35,36,580.242387417146,-0.160601140826957
35,37,149.317435988879,-0.160318268928746
35,38,42.7996840197676,-0.159847606617805
35,39,18.0130650181037,-0.159190337464792
35,40,9.34317895007928,-0.158348113061713
36,0,0.00236058583142818,-0.0673195527311081
36,1,0.00732207767407316,-0.0711297955123563
36,2,0.0128391614999668,-0.0749589160520878
36,3,0.0189655456591055,-0.0787990279702669
36,4,0.0257636096100395,-0.0826421002974959
36,5,0.0333063927913526,-0.0864799804867006
36,6,0.0416801153086181,-0.0903044180314937
36,7,0.0509873965350962,-0.0941070886117943
36,8,0.06135139805911,-0.0978796186813683
36,9,0.0729212029171288,-0.101613610413587
36,10,0.0858788656630728,-0.105300666917229
36,11,0.100448745909811,-0.108932417633217
36,12,0.11691000017215,-0.112500543823915
36,13,0.135613498566163,-0.115996804062156
36,14,0.157005027492119,-0.11941305963093
36,15,0.181657557411874,-0.122741299741268
36,16,0.210316798656662,-0.125973666478065
36,17,0.243966585328841,-0.129102479383531
36,18,0.283924428914793,-0.132120259588872
36,19,0.331983973010935,-0.135019753406665
36,20,0.390632111513252,-0.137793955297829
36,21,0.463388148711961,-0.140436130128707
36,22,0.555348436211185,-0.142939834637384
36,23,0.674088709328818,-0.14529893802943
36,24,0.831213228390049,-0.147507641628044
36,25,1.04512567457256,-0.149560497505474
36,26,1.34622788980943,-0.151452426027001
36,27,1.78724014405345,-0.153178732242763
36,28,2.46512615422913,-0.154735121066249
36,29,3.57171376939707,-0.156117711183233
36,30,5.52348742236271,-0.157323047639763
36,31,9.34317895007928,-0.158348113061713
36,32,18.0130650181037,-0.159190337464787
36,33,42.7996840197674,-0.159847606617823
36,34,149.317435988878,-0.160318268928741
36,35,580.242387417146,-0.160601140826957
36,36,-1616.65840963948,-0.160695510622443
36,37,580.242387417143,-0.160601140826971
36,38,149.317435988879,-0.160318268928746
36,39,42.7996840197676,-0.159847606617805
36,40,18.0130650181037,-0.159190337464792
37,0,-0.00209193136720641,-0.0635359071724788
37,1,0.00236058583142364,-0.0673195527310673
37,2,0.00732207767407089,-0.0711297955123631
37,3,0.0128391614999759,-0.0749589160521071
37,4,0.0189655456591009,-0.0787990279702533
37,5,0.0257636096100463,-0.0826421002975278
37,6,0.033306392791339,-0.0864799804866733
37,7,0.041680115308634,-0.0903044180315119
37,8,0.0509873965350848,-0.0941070886117989
37,9,0.0613513980591055,-0.0978796186813547
37,10,0.0729212029171527,-0.101613610413614
37,11,0.0858788656630433,-0.105300666917202
37,12,0.100448745909826,-0.108932417633231
37,13,0.116910000172144,-0.112500543823915
37,14,0.135613498566167,-0.115996804062161
37,15,0.157005027492134,-0.119413059630935
37,16,0.181657557411835,-0.12274129974125
37,17,0.210316798656679,-0.125973666478074
37,18,0.243966585328848,-0.129102479383531
37,19,0.283924428914788,-0.132120259588867
37,20,0.331983973010933,-0.135019753406665
37,21,0.39063211151325,-0.137793955297815
37,22,0.463388148711963,-0.140436130128711
37,23,0.555348436211181,-0.142939834637366
37,24,0.674088709328818,-0.145298938029444
37,25,0.831213228390058,-0.147507641628053
37,26,1.04512567457255,-0.149560497505456
37,27,1.34622788980943,-0.151452426027001
37,28,1.78724014405344,-0.153178732242763
37,29,2.46512615422913,-0.154735121066236
37,30,3.57171376939709,-0.156117711183238
37,31,5.52348742236275,-0.157323047639767
37,32,9.34317895007928,-0.158348113061713
37,33,18.0130650181037,-0.159190337464792
37,34,42.7996840197675,-0.159847606617805
37,35,149.317435988879,-0.16031826892875
37,36,580.242387417143,-0.160601140826975
37,37,-1616.65840963948,-0.160695510622443
37,38,580.242387417146,-0.160601140826957
37,39,149.317435988878,-0.160318268928737
37,40,42.7996840197674,-0.159847606617823
38,0,-0.00607626357108513,-0.0597863898191868
38,1,-0.00209193136720641,-0.0635359071724788
38,2,0.00236058583142818,-0.0673195527310968
38,3,0.00732207767407089,-0.0711297955123631
38,4,0.0128391614999714,-0.0749589160521094
38,5,0.0189655456591009,-0.0787990279702533
38,6,0.0257636096100463,-0.0826421002975278
38,7,0.033306392791339,-0.0864799804866733
38,8,0.041680115308634,-0.0903044180315119
38,9,0.050987396535103,-0.094107088611808
38,10,0.0613513980591055,-0.0978796186813547
38,11,0.0729212029171527,-0.101613610413614
38,12,0.0858788656630592,-0.105300666917215
38,13,0.100448745909826,-0.108932417633231
38,14,0.116910000172144,-0.112500543823915
38,15,0.135613498566154,-0.115996804062147
38,16,0.157005027492134,-0.119413059630935
38,17,0.181657557411852,-0.122741299741246
38,18,0.210316798656679,-0.125973666478074
38,19,0.243966585328848,-0.129102479383531
38,20,0.283924428914787,-0.132120259588863
38,21,0.331983973010935,-0.135019753406665
38,22,0.39063211151325,-0.137793955297815
38,23,0.463388148711963,-0.140436130128711
38,24,0.555348436211181,-0.142939834637366
38,25,0.674088709328818,-0.145298938029444
38,26,0.831213228390058,-0.147507641628053
38,27,1.04512567457256,-0.149560497505474
38,28,1.34622788980943,-0.151452426027001
38,29,1.78724014405344,-0.153178732242763
38,30,2.46512615422913,-0.154735121066236
38,31,3.57171376939709,-0.156117711183238
38,32,5.52348742236271,-0.157323047639763
38,33,9.34317895007928,-0.158348113061713
38,34,18.0130650181037,-0.159190337464792
38,35,42.7996840197675,-0.159847606617805
38,36,149.317435988879,-0.16031826892875
38,37,580.242387417146,-0.160601140826957
38,38,-1616.65840963948,-0.160695510622443
38,39,580.242387417146,-0.160601140826957
38,40,149.317435988878,-0.160318268928737
39,0,-0.00962838867177692,-0.0560783224384232
39,1,-0.00607626357108513,-0.0597863898191868
39,2,-0.00209193136720641,-0.063535907172464
39,3,0.00236058583142818,-0.0673195527310968
39,4,0.00732207767407316,-0.0711297955123563
39,5,0.0128391614999714,-0.0749589160521094
39,6,0.0189655456591009,-0.0787990279702533
39,7,0.025763609610044,-0.0826421002975187
39,8,0.033306392791339,-0.0864799804866733
39,9,0.0416801153086181,-0.0903044180314937
39,10,0.050987396535103,-0.094107088611808
39,11,0.0613513980591055,-0.0978796186813547
39,12,0.0729212029171424,-0.1016136104136
39,13,0.0858788656630592,-0.105300666917215
39,14,0.100448745909826,-0.108932417633231
39,15,0.11691000017216,-0.112500543823924
39,16,0.135613498566154,-0.115996804062147
39,17,0.157005027492119,-0.11941305963093
39,18,0.181657557411852,-0.122741299741246
39,19,0.210316798656679,-0.125973666478074
39,20,0.243966585328854,-0.129102479383536
39,21,0.283924428914793,-0.132120259588872
39,22,0.331983973010935,-0.135019753406665
39,23,0.39063211151325,-0.137793955297815
39,24,0.463388148711963,-0.140436130128711
39,25,0.555348436211181,-0.142939834637366
39,26,0.674088709328818,-0.145298938029444
39,27,0.831213228390049,-0.147507641628044
39,28,1.04512567457256,-0.149560497505474
39,29,1.34622788980943,-0.151452426027001
39,30,1.78724014405344,-0.153178732242763
39,31,2.46512615422913,-0.154735121066236
39,32,3.57171376939707,-0.156117711183233
39,33,5.52348742236271,-0.157323047639763
39,34,9.34317895007928,-0.158348113061713
39,35,18.0130650181037,-0.159190337464792
39,36,42.7996840197675,-0.159847606617805
39,37,149.317435988878,-0.160318268928741
39,38,580.242387417146,-0.160601140826957
39,39,-1616.65840963948,-0.160695510622443
39,40,580.242387417146,-0.160601140826957
40,0,-0.0127802941186018,-0.0524187977480517
40,1,-0.00962838867177692,-0.0560783224384232
40,2,-0.00607626357108966,-0.0597863898191879
40,3,-0.0020919313672087,-0.063535907172464
40,4,0.00236058583142818,-0.0673195527311081
40,5,0.00732207767407316,-0.071129795512362
40,6,0.0128391614999714,-0.0749589160521094
40,7,0.0189655456591055,-0.0787990279702669
40,8,0.0257636096100463,-0.0826421002975278
40,9,0.0333063927913526,-0.0864799804867006
40,10,0.0416801153086249,-0.0903044180315074
40,11,0.050987396535103,-0.094107088611808
40,12,0.06135139805911,-0.0978796186813683
40,13,0.0729212029171447,-0.101613610413607
40,14,0.0858788656630592,-0.105300666917215
40,15,0.100448745909818,-0.108932417633226
40,16,0.11691000017216,-0.112500543823924
40,17,0.135613498566163,-0.115996804062156
40,18,0.157005027492123,-0.119413059630935
40,19,0.181657557411852,-0.122741299741246
40,20,0.210316798656674,-0.125973666478079
40,21,0.243966585328847,-0.129102479383531
40,22,0.283924428914793,-0.132120259588872
40,23,0.331983973010942,-0.13501975340667
40,24,0.390632111513257,-0.137793955297815
40,25,0.463388148711968,-0.140436130128707
40,26,0.555348436211195,-0.142939834637362
40,27,0.674088709328832,-0.145298938029434
40,28,0.831213228390058,-0.147507641628049
40,29,1.04512567457257,-0.149560497505478
40,30,1.34622788980945,-0.151452426027006
40,31,1.78724014405345,-0.153178732242763
40,32,2.46512615422916,-0.154735121066254
40,33,3.5717137693971,-0.156117711183242
40,34,5.52348742236275,-0.157323047639776
40,35,9.34317895007931,-0.158348113061713
40,36,18.0130650181038,-0.159190337464792
40,37,42.7996840197675,-0.159847606617823
40,38,149.317435988878,-0.160318268928741
40,39,580.242387417146,-0.160601140826957
40,40,-1616.65840963948,-0.160695510622443
